[{"id":"user-image-0.png","fileName":"0.png","name":"0","publicUrl":"https://assets.nicepagecdn.com/f626383b/4597014/images/0.png","size":341457,"hash":"fwC3sZZJpC02UzJJpuDPUDKazuU=","width":512,"height":512,"thumbnail":{"url":"https://assets.nicepagecdn.com/f626383b/4597014/images/thumbnails/0.png","width":150,"height":150},"usages":[]},{"id":"user-image-8fd0ee47-e026-4517-906f-6b89aba02f4a.jpg","fileName":"8fd0ee47-e026-4517-906f-6b89aba02f4a.jpg","name":"8fd0ee47-e026-4517-906f-6b89aba02f4a","publicUrl":"https://assets.nicepagecdn.com/f626383b/4597014/images/8fd0ee47-e026-4517-906f-6b89aba02f4a.jpg","size":516589,"hash":"kxuWnYbLJEUfuPamU0d35TpAFB4=","width":1920,"height":1920,"thumbnail":{"url":"https://assets.nicepagecdn.com/f626383b/4597014/images/thumbnails/8fd0ee47-e026-4517-906f-6b89aba02f4a.jpg","width":150,"height":150},"usages":[]},{"id":"user-image-4597023-0.jpeg","fileName":"4597023-0.jpeg","name":"4597023-0","publicUrl":"https://assets.nicepagecdn.com/f626383b/4597014/images/4597023-0.jpeg","size":833130,"hash":"C5AFlVZ08XQ8G6sNTXeudoEFaUA=","width":1667,"height":1000,"thumbnail":{"url":"https://assets.nicepagecdn.com/f626383b/4597014/images/thumbnails/4597023-0.jpeg","width":150,"height":90},"usages":[]},{"id":"user-image-result2.png","fileName":"result2.png","name":"result2","publicUrl":"https://assets.nicepagecdn.com/f626383b/4597014/images/result2.png","size":2233241,"hash":"nrtRdZ/V/AhWZNtBpZQtikTaFZU=","width":2000,"height":1500,"thumbnail":{"url":"https://assets.nicepagecdn.com/f626383b/4597014/images/thumbnails/result2.png","width":150,"height":113},"usages":["4597025"]},{"id":"user-image-result.png","fileName":"result.png","name":"result","publicUrl":"https://assets.nicepagecdn.com/f626383b/4597014/images/result.png","size":1277322,"hash":"FprngjXtVlp8iQ3WVLj9LcFasLI=","width":1080,"height":1920,"thumbnail":{"url":"https://assets.nicepagecdn.com/f626383b/4597014/images/thumbnails/result.png","width":84,"height":150},"usages":["4597025","4597023"]},{"id":"user-image-IMG-20220502-WA0007.jpg","fileName":"IMG-20220502-WA0007.jpg","name":"IMG-20220502-WA0007","publicUrl":"https://assets.nicepagecdn.com/f626383b/4597014/images/IMG-20220502-WA0007.jpg","size":127129,"hash":"9y1QYZnDpGeb06rLTQ/ROLKDpnk=","width":1600,"height":738,"thumbnail":{"url":"https://assets.nicepagecdn.com/f626383b/4597014/images/thumbnails/IMG-20220502-WA0007.jpg","width":150,"height":69},"usages":["4597025","4597023"]},{"id":"user-image-IMG-20220502-WA0015.jpg","fileName":"IMG-20220502-WA0015.jpg","name":"IMG-20220502-WA0015","publicUrl":"https://assets.nicepagecdn.com/f626383b/4597014/images/IMG-20220502-WA0015.jpg","size":157109,"hash":"I5s+v20ohjqJlDaWLf96yGXyzkY=","width":1200,"height":1600,"thumbnail":{"url":"https://assets.nicepagecdn.com/f626383b/4597014/images/thumbnails/IMG-20220502-WA0015.jpg","width":113,"height":150},"usages":["4597025","4597023"]},{"id":"user-image-IMG-20220502-WA0031.jpg","fileName":"IMG-20220502-WA0031.jpg","name":"IMG-20220502-WA0031","publicUrl":"https://assets.nicepagecdn.com/f626383b/4597014/images/IMG-20220502-WA0031.jpg","size":90179,"hash":"QJf4Vd4pD5C9BiN0K8uz/0BiiXA=","width":1080,"height":1920,"thumbnail":{"url":"https://assets.nicepagecdn.com/f626383b/4597014/images/thumbnails/IMG-20220502-WA0031.jpg","width":84,"height":150},"usages":["4597025"]},{"id":"user-image-IMG_20230414_132830609_HDR.jpg","fileName":"IMG_20230414_132830609_HDR.jpg","name":"IMG_20230414_132830609_HDR","publicUrl":"https://assets.nicepagecdn.com/f626383b/4597014/images/IMG_20230414_132830609_HDR.jpg","size":557006,"hash":"MYIgFPfYmdLRzcKtPTW7sMr0m6w=","width":1920,"height":1300,"thumbnail":{"url":"https://assets.nicepagecdn.com/f626383b/4597014/images/thumbnails/IMG_20230414_132830609_HDR.jpg","width":150,"height":102},"usages":[]},{"id":"user-image-IMG-20220502-WA0014.jpg","fileName":"IMG-20220502-WA0014.jpg","name":"IMG-20220502-WA0014","publicUrl":"https://assets.nicepagecdn.com/f626383b/4597014/images/IMG-20220502-WA0014.jpg","size":163410,"hash":"ur7ORgV1tF4y75EPzAG2wz3b0k0=","width":923,"height":2000,"thumbnail":{"url":"https://assets.nicepagecdn.com/f626383b/4597014/images/thumbnails/IMG-20220502-WA0014.jpg","width":69,"height":150},"usages":["4597023"]},{"id":"user-image-IMG-20220502-WA0020.jpg","fileName":"IMG-20220502-WA0020.jpg","name":"IMG-20220502-WA0020","publicUrl":"https://assets.nicepagecdn.com/f626383b/4597014/images/IMG-20220502-WA0020.jpg","size":147864,"hash":"o+2MAqoxDOFmHejzJFbZ5sYpfNc=","width":1200,"height":1600,"thumbnail":{"url":"https://assets.nicepagecdn.com/f626383b/4597014/images/thumbnails/IMG-20220502-WA0020.jpg","width":113,"height":150},"usages":["4597023"]},{"id":"user-image-IMG-20220502-WA0021.jpg","fileName":"IMG-20220502-WA0021.jpg","name":"IMG-20220502-WA0021","publicUrl":"https://assets.nicepagecdn.com/f626383b/4597014/images/IMG-20220502-WA0021.jpg","size":109829,"hash":"Db/9Jw/B5mIWBwmV+Ncqa1libus=","width":923,"height":2000,"thumbnail":{"url":"https://assets.nicepagecdn.com/f626383b/4597014/images/thumbnails/IMG-20220502-WA0021.jpg","width":69,"height":150},"usages":["4597023"]},{"id":"user-image-IMG-20220502-WA0004.jpg","fileName":"IMG-20220502-WA0004.jpg","name":"IMG-20220502-WA0004","publicUrl":"https://assets.nicepagecdn.com/f626383b/4597014/images/IMG-20220502-WA0004.jpg","size":57253,"hash":"2fZqr2nrVlHFDTGBTwAOCOlQaEs=","width":738,"height":1600,"thumbnail":{"url":"https://assets.nicepagecdn.com/f626383b/4597014/images/thumbnails/IMG-20220502-WA0004.jpg","width":69,"height":150},"usages":["4597023"]},{"id":"user-image-IMG-20220502-WA0029.jpg","fileName":"IMG-20220502-WA0029.jpg","name":"IMG-20220502-WA0029","publicUrl":"https://assets.nicepagecdn.com/f626383b/4597014/images/IMG-20220502-WA0029.jpg","size":271897,"hash":"2sILUra49T31RHNQ7fGP9IycZJo=","width":1500,"height":2000,"thumbnail":{"url":"https://assets.nicepagecdn.com/f626383b/4597014/images/thumbnails/IMG-20220502-WA0029.jpg","width":113,"height":150},"usages":["4597023"]},{"id":"user-image-IMG-20220502-WA00091.jpg","fileName":"IMG-20220502-WA00091.jpg","name":"IMG-20220502-WA00091","publicUrl":"https://assets.nicepagecdn.com/f626383b/4597014/images/IMG-20220502-WA00091.jpg","size":99882,"hash":"IEBRCPQtnNQdp3nGFPqTpMB0iKE=","width":738,"height":1600,"thumbnail":{"url":"https://assets.nicepagecdn.com/f626383b/4597014/images/thumbnails/IMG-20220502-WA00091.jpg","width":69,"height":150},"usages":["4597023"]}]